Workbook

Sheet Resumen
B3: MÉTODO DE NEWTON RAPHSON - PROBLEMA 2
B4: Ecuación: 3sin(0.5x) - 0.5x + 2 = 0
B6: PARÁMETROS:
B7: Tolerancia (TOL): | C7: 1e-06
B8: Máx iteraciones: | C8: 20
B9: Función f(x): | C9: "=3*SENO(0.5*x) - 0.5*x + 2"
B11: RESULTADOS FINALES
C12: Raíz | D12: Error
B13: METODO DE LA BISCECCIÓN
B14: RAÍZ : | C14: =[1]RAÍZ!E24 -> 5.706418 | D14: =[1]RAÍZ!G24 -> -7.7926164e-08
B15: Iteraciones: | C15: =COUNTIF([1]RAÍZ!I4:I32,"→")+1 -> 20
B17: MÉTODO NEWTON RAPHSON
B18: NEWTON x₀=3.5 | C18: ='[1]NEWTON=5.5'!F7 -> 5.706418 | D18: ='[1]NEWTON=5.5'!G7 -> 4.8058011e-07
B19: Iteraciones: | C19: =COUNTIF('[1]NEWTON=5.5'!H4:H32,"→")+1 -> 3
B21: MÉTODO DE LA SECANTE
B22: RAÍZ 1: | C22: ='[1]SEC=5.0,6.0'!D8 -> 5.7064182 | D22: ='[1]SEC=5.0,6.0'!H8 -> 1.5550628e-07
B23: Iteraciones: | C23: =COUNTIF('[1]SEC=5.0,6.0'!I4:I24,"→")+1 -> 4

Sheet Raiz
B3: MÉTODO DE LA BISECCIÓN
B4: ITERACIONES | C4: a | D4: b | E4: c | F4: f(a) | G4: f(c) | H4: Error | I4: ¿se debe parar?
B5: 1 | C5: 5 | D5: 6 | E5: =(C5+D5)/2 -> 5.5 | F5: =3*SIN(0.5*C5) - 0.5*C5 + 2 -> 1.2954164 | G5: =3*SIN(0.5*E5) - 0.5*E5 + 2 -> 0.39498298 | H5: =ABS(D5-C5)/2 -> 0.5 | I5: =IF(OR(ABS(G5)<[1]CONFIG!$C$7,H5<[1]CONFIG!$C$7),"Si","No") -> No
B6: =B5+1 -> 2 | C6: =IF(F5*G5<0,C5,E5) -> 5.5 | D6: =IF(F5*G5<0,E5,D5) -> 6 | E6: =(C6+D6)/2 -> 5.75 | F6: =3*SIN(0.5*C6) - 0.5*C6 + 2 -> 0.39498298 | G6: =3*SIN(0.5*E6) - 0.5*E6 + 2 -> -0.08466202 | H6: =ABS(D6-C6)/2 -> 0.25 | I6: =IF(OR(ABS(G6)<[1]CONFIG!$C$7,H6<[1]CONFIG!$C$7),"Si","No") -> No
B7: =B6+1 -> 3 | C7: =IF(F6*G6<0,C6,E6) -> 5.5 | D7: =IF(F6*G6<0,E6,D6) -> 5.75 | E7: =(C7+D7)/2 -> 5.625 | F7: =3*SIN(0.5*C7) - 0.5*C7 + 2 -> 0.39498298 | G7: =3*SIN(0.5*E7) - 0.5*E7 + 2 -> 0.15705352 | H7: =ABS(D7-C7)/2 -> 0.125 | I7: =IF(OR(ABS(G7)<[1]CONFIG!$C$7,H7<[1]CONFIG!$C$7),"Si","No") -> No
B8: =B7+1 -> 4 | C8: =IF(F7*G7<0,C7,E7) -> 5.625 | D8: =IF(F7*G7<0,E7,D7) -> 5.75 | E8: =(C8+D8)/2 -> 5.6875 | F8: =3*SIN(0.5*C8) - 0.5*C8 + 2 -> 0.15705352 | G8: =3*SIN(0.5*E8) - 0.5*E8 + 2 -> 0.036625586 | H8: =ABS(D8-C8)/2 -> 0.0625 | I8: =IF(OR(ABS(G8)<[1]CONFIG!$C$7,H8<[1]CONFIG!$C$7),"Si","No") -> No
B9: =B8+1 -> 5 | C9: =IF(F8*G8<0,C8,E8) -> 5.6875 | D9: =IF(F8*G8<0,E8,D8) -> 5.75 | E9: =(C9+D9)/2 -> 5.71875 | F9: =3*SIN(0.5*C9) - 0.5*C9 + 2 -> 0.036625586 | G9: =3*SIN(0.5*E9) - 0.5*E9 + 2 -> -0.023916234 | H9: =ABS(D9-C9)/2 -> 0.03125 | I9: =IF(OR(ABS(G9)<[1]CONFIG!$C$7,H9<[1]CONFIG!$C$7),"Si","No") -> No
B10: =B9+1 -> 6 | C10: =IF(F9*G9<0,C9,E9) -> 5.6875 | D10: =IF(F9*G9<0,E9,D9) -> 5.71875 | E10: =(C10+D10)/2 -> 5.703125 | F10: =3*SIN(0.5*C10) - 0.5*C10 + 2 -> 0.036625586 | G10: =3*SIN(0.5*E10) - 0.5*E10 + 2 -> 0.0063808584 | H10: =ABS(D10-C10)/2 -> 0.015625 | I10: =IF(OR(ABS(G10)<[1]CONFIG!$C$7,H10<[1]CONFIG!$C$7),"Si","No") -> No
B11: =B10+1 -> 7 | C11: =IF(F10*G10<0,C10,E10) -> 5.703125 | D11: =IF(F10*G10<0,E10,D10) -> 5.71875 | E11: =(C11+D11)/2 -> 5.7109375 | F11: =3*SIN(0.5*C11) - 0.5*C11 + 2 -> 0.0063808584 | G11: =3*SIN(0.5*E11) - 0.5*E11 + 2 -> -0.008761228 | H11: =ABS(D11-C11)/2 -> 0.0078125 | I11: =IF(OR(ABS(G11)<[1]CONFIG!$C$7,H11<[1]CONFIG!$C$7),"Si","No") -> No
B12: =B11+1 -> 8 | C12: =IF(F11*G11<0,C11,E11) -> 5.703125 | D12: =IF(F11*G11<0,E11,D11) -> 5.7109375 | E12: =(C12+D12)/2 -> 5.7070312 | F12: =3*SIN(0.5*C12) - 0.5*C12 + 2 -> 0.0063808584 | G12: =3*SIN(0.5*E12) - 0.5*E12 + 2 -> -0.0011885591 | H12: =ABS(D12-C12)/2 -> 0.00390625 | I12: =IF(OR(ABS(G12)<[1]CONFIG!$C$7,H12<[1]CONFIG!$C$7),"Si","No") -> No
B13: =B12+1 -> 9 | C13: =IF(F12*G12<0,C12,E12) -> 5.703125 | D13: =IF(F12*G12<0,E12,D12) -> 5.7070312 | E13: =(C13+D13)/2 -> 5.7050781 | F13: =3*SIN(0.5*C13) - 0.5*C13 + 2 -> 0.0063808584 | G13: =3*SIN(0.5*E13) - 0.5*E13 + 2 -> 0.0025965574 | H13: =ABS(D13-C13)/2 -> 0.001953125 | I13: =IF(OR(ABS(G13)<[1]CONFIG!$C$7,H13<[1]CONFIG!$C$7),"Si","No") -> No
B14: =B13+1 -> 10 | C14: =IF(F13*G13<0,C13,E13) -> 5.7050781 | D14: =IF(F13*G13<0,E13,D13) -> 5.7070312 | E14: =(C14+D14)/2 -> 5.7060547 | F14: =3*SIN(0.5*C14) - 0.5*C14 + 2 -> 0.0025965574 | G14: =3*SIN(0.5*E14) - 0.5*E14 + 2 -> 0.00070410092 | H14: =ABS(D14-C14)/2 -> 0.0009765625 | I14: =IF(OR(ABS(G14)<[1]CONFIG!$C$7,H14<[1]CONFIG!$C$7),"Si","No") -> No
B15: =B14+1 -> 11 | C15: =IF(F14*G14<0,C14,E14) -> 5.7060547 | D15: =IF(F14*G14<0,E14,D14) -> 5.7070312 | E15: =(C15+D15)/2 -> 5.706543 | F15: =3*SIN(0.5*C15) - 0.5*C15 + 2 -> 0.00070410092 | G15: =3*SIN(0.5*E15) - 0.5*E15 + 2 -> -0.00024220367 | H15: =ABS(D15-C15)/2 -> 0.00048828125 | I15: =IF(OR(ABS(G15)<[1]CONFIG!$C$7,H15<[1]CONFIG!$C$7),"Si","No") -> No
B16: =B15+1 -> 12 | C16: =IF(F15*G15<0,C15,E15) -> 5.7060547 | D16: =IF(F15*G15<0,E15,D15) -> 5.706543 | E16: =(C16+D16)/2 -> 5.7062988 | F16: =3*SIN(0.5*C16) - 0.5*C16 + 2 -> 0.00070410092 | G16: =3*SIN(0.5*E16) - 0.5*E16 + 2 -> 0.00023095498 | H16: =ABS(D16-C16)/2 -> 0.00024414062 | I16: =IF(OR(ABS(G16)<[1]CONFIG!$C$7,H16<[1]CONFIG!$C$7),"Si","No") -> No
B17: =B16+1 -> 13 | C17: =IF(F16*G16<0,C16,E16) -> 5.7062988 | D17: =IF(F16*G16<0,E16,D16) -> 5.706543 | E17: =(C17+D17)/2 -> 5.7064209 | F17: =3*SIN(0.5*C17) - 0.5*C17 + 2 -> 0.00023095498 | G17: =3*SIN(0.5*E17) - 0.5*E17 + 2 -> -5.6227533e-06 | H17: =ABS(D17-C17)/2 -> 0.00012207031 | I17: =IF(OR(ABS(G17)<[1]CONFIG!$C$7,H17<[1]CONFIG!$C$7),"Si","No") -> No
... B25: =B24+1 -> 21 | C25: =IF(F24*G24<0,C24,E24) -> 5.7064171 | D25: =IF(F24*G24<0,E24,D24) -> 5.706418 | E25: =(C25+D25)/2 -> 5.7064176 | F25: =3*SIN(0.5*C25) - 0.5*C25 + 2 -> 1.7703492e-06 | G25: =3*SIN(0.5*E25) - 0.5*E25 + 2 -> 8.4621152e-07 | H25: =ABS(D25-C25)/2 -> 4.7683716e-07 | I25: =IF(OR(ABS(G25)<[1]CONFIG!$C$7,H25<[1]CONFIG!$C$7),"Si","No") -> Si

Sheet Soluciones raiz
B3: RESULTADOS PROBLEMA 2
B4: MÉTODO DE BISCECCIÓN
B6: RAÍZ : | C6: =[1]RAÍZ!E24 -> 5.706418 | D6: =[1]RAÍZ!G24 -> -7.7926164e-08
B7: Iteraciones: | C7: =COUNTIF([1]RAÍZ!I5:I24,"→")+1 -> 20

Sheet Newton
B3: MÉTODO NEWTON RAPHSON
B4: ITERACIONES | C4: x_n | D4: f(x_n) | E4: f'(x_n) | F4: x_n+1 | G4: Error | H4: ¿se debe parar?
B5: 1 | C5: 5.5 | D5: =3*SIN(0.5*C5) - 0.5*C5 + 2 -> 0.39498298 | E5: =1.5*COS(0.5*C5) - 0.5 -> -1.8864536 | F5: =C5 - D5/E5 -> 5.7093786 | G5: =ABS(F5-C5) -> 0.20937858 | H5: =IF(OR(ABS(D5)<=[1]CONFIG!$C$7,G5<=[1]CONFIG!$C$7),"Si","No") -> No
B6: =B5+1 -> 2 | C6: =F5 -> 5.7093786 | D6: =3*SIN(0.5*C6) - 0.5*C6 + 2 -> -0.0057387192 | E6: =1.5*COS(0.5*C6) - 0.5 -> -1.9386872 | F6: =C6 - D6/E6 -> 5.7064185 | G6: =ABS(F6-C6) -> 0.0029601059 | H6: =IF(OR(ABS(D6)<=[1]CONFIG!$C$7,G6<=[1]CONFIG!$C$7),"Si","No") -> No
B7: =B6+1 -> 3 | C7: =F6 -> 5.7064185 | D7: =3*SIN(0.5*C7) - 0.5*C7 + 2 -> -9.3139181e-07 | E7: =1.5*COS(0.5*C7) - 0.5 -> -1.9380573 | F7: =C7 - D7/E7 -> 5.706418 | G7: =ABS(F7-C7) -> 4.8058011e-07 | H7: =IF(OR(ABS(D7)<=[1]CONFIG!$C$7,G7<=[1]CONFIG!$C$7),"Si","No") -> Si

Sheet Soluciones Newton
B3: RESULTADOS PROBLEMA 2
B4: MÉTODO NEWTON RAPHSON
B6: NEWTON x₀=3.5 | C6: ='[1]NEWTON=5.5'!F7 -> 5.706418 | D6: ='[1]NEWTON=5.5'!G7 -> 4.8058011e-07
B7: Iteraciones: | C7: =COUNTIF('[1]NEWTON=5.5'!H5:H7,"→")+1 -> 3

Sheet Secante
B3: MÉTODO DE LA SECANTE
B4: ITER | C4: x_n-1 | D4: x_n | E4: f(x_n-1) | F4: f(x_n) | G4: x_n+1 | H4: Error | I4: ¿se debe parar?
B5: 1 | C5: 5 | D5: 6 | E5: =3*SIN(0.5*C5) - 0.5*C5 + 2 -> 1.2954164 | F5: =3*SIN(0.5*D5) - 0.5*D5 + 2 -> -0.57663998 | G5: =D5 - F5*(D5-C5)/(F5-E5) -> 5.6919751 | H5: =ABS(G5-D5) -> 0.30802489 | I5: =IF(OR(ABS(G5)<[1]CONFIG!$C$7,H5<[1]CONFIG!$C$7),"Si","No") -> No
B6: =B5+1 -> 2 | C6: =D5 -> 6 | D6: =G5 -> 5.6919751 | E6: =F5 -> -0.57663998 | F6: =3*SIN(0.5*D6) - 0.5*D6 + 2 -> 0.027968721 | G6: =D6 - F6*(D6-C6)/(F6-E6) -> 5.7062241 | H6: =ABS(G6-D6) -> 0.014248989 | I6: =IF(OR(ABS(G6)<[1]CONFIG!$C$7,H6<[1]CONFIG!$C$7),"Si","No") -> No
B7: =B6+1 -> 3 | C7: =D6 -> 5.6919751 | D7: =G6 -> 5.7062241 | E7: =F6 -> 0.027968721 | F7: =3*SIN(0.5*D7) - 0.5*D7 + 2 -> 0.00037578953 | G7: =D7 - F7*(D7-C7)/(F7-E7) -> 5.7064182 | H7: =ABS(G7-D7) -> 0.0001940577 | I7: =IF(OR(ABS(G7)<[1]CONFIG!$C$7,H7<[1]CONFIG!$C$7),"Si","No") -> No
B8: =B7+1 -> 4 | C8: =D7 -> 5.7062241 | D8: =G7 -> 5.7064182 | E8: =F7 -> 0.00037578953 | F8: =3*SIN(0.5*D8) - 0.5*D8 + 2 -> -3.0137685e-07 | G8: =D8 - F8*(D8-C8)/(F8-E8) -> 5.706418 | H8: =ABS(G8-D8) -> 1.5550628e-07 | I8: =IF(OR(ABS(G8)<[1]CONFIG!$C$7,H8<[1]CONFIG!$C$7),"Si","No") -> Si

Sheet Soluciones Secante
B3: RESULTADOS PROBLEMA 2
B4: MÉTODO DE LA SECANTE
B6: RAÍZ 1: | C6: ='[1]SEC=5.0,6.0'!D8 -> 5.7064182 | D6: ='[1]SEC=5.0,6.0'!H8 -> 1.5550628e-07
B7: Iteraciones: | C7: =COUNTIF('[1]SEC=5.0,6.0'!I5:I8,"→")+1 -> 4
